model,metric,metric_label,mean,std
SGD Logistic Regression,accuracy,Accuracy,0.9766632155263304,0.002960435258192
SGD Logistic Regression,precision,Precision,0.0414242958335598,0.0053782844960531
SGD Logistic Regression,recall,Recall,0.2948859963011805,0.0188451129484281
SGD Logistic Regression,f1,F1,0.0725092820927398,0.0082614859012156
SGD Logistic Regression,roc_auc,ROC-AUC,0.9010573190883504,0.0027076139602306
SGD Logistic Regression,average_precision,PR-AUC,0.0284193090768243,0.0028922008560757
XGBoost,accuracy,Accuracy,0.9929930565804992,0.0005525116586014
XGBoost,precision,Precision,0.135025698177887,0.0091891641152879
XGBoost,recall,Recall,0.2365527202471134,0.0119282556900916
XGBoost,f1,F1,0.1716403196985972,0.007096379882016
XGBoost,roc_auc,ROC-AUC,0.9422661816587804,0.0054929759514011
XGBoost,average_precision,PR-AUC,0.0983985673725599,0.0086174292763354
CatBoost,accuracy,Accuracy,0.993125432225048,0.001530984571371
CatBoost,precision,Precision,0.145439747607356,0.0183462422010221
CatBoost,recall,Recall,0.2433868223804277,0.062029488053982
CatBoost,f1,F1,0.177016248606208,0.0111449374791149
CatBoost,roc_auc,ROC-AUC,0.939692589944706,0.0040019591547687
CatBoost,average_precision,PR-AUC,0.1028710311165533,0.011312667534735
LightGBM,accuracy,Accuracy,0.99314682336324,0.0010293205879437
LightGBM,precision,Precision,0.1477774507897237,0.0268004142530444
LightGBM,recall,Recall,0.248551138181079,0.0294952523609372
LightGBM,f1,F1,0.1826731026378089,0.0136613570554833
LightGBM,roc_auc,ROC-AUC,0.9412542738996724,0.0041130383206427
LightGBM,average_precision,PR-AUC,0.1030338430153352,0.0124169457409845
