feature,mean_absolute_shap,mean_signed_shap,mean_absolute_shap_distressed,mean_absolute_shap_healthy,gain_importance,split_importance
Equity/total_liabilities,0.25913886340554565,-0.0002782873353857068,0.5696788662914041,0.25802725286399725,9998.280201911926,32
operational_status,0.23415430276954632,-0.1366133785239579,0.3617289709508051,0.233697635851704,7190.814679145813,86
year,0.16738438623796828,0.1673489475929314,0.3926764628092755,0.16657792959819048,3895.717716693878,106
Total_liabilities/total_assets,0.1505114362681249,0.018566106754664722,0.6206391656350707,0.14882856470574402,14554.704025268555,24
Working_capital,0.11168418576135292,-0.015201769426042358,0.16994563391440734,0.11147563279126627,1323.8962898254395,35
Equity-share_capital/fixed_assets,0.09086130648060385,-0.019270457902185734,0.11582131365644838,0.09077195951455741,903.2880249023438,30
Log_revenue/gdp,0.0757103122447041,0.015202147281856414,0.10247160481823532,0.07561451738847376,952.1548542976379,48
Net_profit+depreciation/total_liabilities,0.056233679373488235,-0.007193646319700963,0.06013608716197722,0.05621971029512528,438.48830127716064,19
Working_capital/total_liabilities,0.05470489252687329,-0.0069802655121908724,0.06077737895288284,0.05468315542420766,368.50859928131104,16
Log_operating_profit/gdp,0.05289339194680984,-0.025288549991716435,0.05094189444723688,0.052900377536982075,1336.8843755722046,55
Current_assets/short_term_liabilities,0.05202737496990802,-0.016863944925296213,0.10495796447453513,0.05183790436799904,1422.5477933883667,15
country,0.049667844818802674,0.010646097571785682,0.07155967574327672,0.049589480711752565,1474.1343040466309,41
Working_capital/fixed_assets,0.04844070075687663,0.0039740228456476,0.3873071743080987,0.04722769263980313,12400.692556381226,24
Gross_profit/short_term_liabilities,0.04346134543111615,-0.011618927211546993,0.032603834028230604,0.04350021103302982,460.904935836792,29
Operating_expenses/sales,0.04121366072077006,0.0025843147575367654,0.09623804205728881,0.04101669517118739,1141.5526237487793,45
Current_assets/total_liabilities,0.04045413973306818,-0.0010656538581922817,0.06787507977097662,0.04035598359948812,788.7011365890503,18
Current_liabilities/equity,0.03987566415981402,0.0008771015933277728,0.08734590222888673,0.03970573945910892,3291.227499961853,26
Net_profit/equity,0.033042327453051676,0.001962836482182442,0.056291762641261095,0.03295910365901526,1119.8027791976929,24
Logarithm_of_total_assets,0.032469528263192014,-0.0024291313242436733,0.04020210836084577,0.03244184868094815,537.6401391029358,33
Net_profit+depreciation/current_liabilities,0.031529024716402315,-0.005060694137615921,0.036256397276628737,0.031512102590032294,314.3501977920532,16
EBITDA/total_assets,0.031032706881760748,0.008494406372463152,0.11327525830584993,0.03073831103492232,3833.7074642181396,42
primary_naics_encoded,0.030918282054923415,-0.0010133848090382515,0.03841827939477533,0.03089143502707828,1071.8596601486206,56
Equity/long_term_liabilities,0.02975655278137657,-0.0018991481149368702,0.022269703195537352,0.02978335274545605,243.2109317779541,17
Net_profit_growth,0.02967636995203481,-0.003262534588676603,0.03704427454251267,0.029649995764053368,848.3987240791321,40
number_of_employees,0.02935423774060793,0.014657324142616501,0.047429889892431513,0.029289534046105986,982.2539396286011,50
Current_liabilities/current_assets,0.02918253817728816,-0.0114178367277809,0.12833616721792324,0.02882760735275682,2106.506112098694,14
Working_capital/total_assets,0.026269093623057762,-0.011790466664249818,0.05399682291813027,0.026169839305124055,586.4446821212769,15
Equity_ratio_classification,0.02529741439261535,0.0014599192278887455,0.04847277651981054,0.025214455750877142,472.5819854736328,2
EBIT/equity,0.022377711993639995,-0.0014059152737773547,0.034831078967395575,0.02233313385917378,753.2500915527344,31
Operating_profit_growth,0.02209326656645147,0.0003488149061040927,0.021580430395195978,0.022095102317365212,519.8862476348877,30
Total_assets_growth,0.021331229379551588,-0.00022872204382340668,0.025716300327029724,0.02131553255774022,538.0047407150269,31
Total_liabilities-cash/EBITDA,0.020918301779422274,0.0073464589541064424,0.03604338800676627,0.020864159945404585,2782.6598205566406,66
Revenue/total_liabilities,0.020548071770001293,-0.006381265416512693,0.015392848446703236,0.020566525433094566,140.86140060424805,11
Equity/fixed_assets,0.020345818406445816,-0.004054612354504622,0.027940899554763008,0.020318631016126038,510.6441984176636,19
EBITDA/fixed_assets,0.020222466244439418,-0.0008775782142551923,0.056601000965301726,0.020092245460302197,1016.2479696273804,43
Gross_profit+depreciation/total_liabilities,0.020203505753502396,-0.00388010890636753,0.03183166952272527,0.02016188152053867,247.36889934539795,14
Constant_capital/total_assets,0.019656239728391835,-0.002904050156571193,0.01693734345490541,0.019665972303038817,309.1257019042969,15
Inventories_growth,0.01933740207215246,0.00011953154852672987,0.023816098245763088,0.019321370109015096,635.5852999687195,37
Net_profit/inventories,0.0162268713172535,0.0017881695106366227,0.010505891050786122,0.016247350166719295,359.3720989227295,22
Current_assets-inventories/short_term_liabilities,0.016208025737805973,0.0051433053966437586,0.017775969312939646,0.016202413119172414,378.1345796585083,19
Revenue/assets_Sector,0.01614964350824338,0.0023482146441391395,0.01791699220541157,0.016143317098041416,322.2419319152832,23
Cash/total_assets,0.015861482661186782,0.004630585504347533,0.022256782948158346,0.015838590012415995,552.0011291503906,38
Cash/sales,0.015765208857339667,-0.0035222747759279228,0.015362653595677164,0.015766649846160028,444.3528800010681,25
EBIT/total_assets,0.014596458051730432,-0.0018227198188009942,0.041393789173274145,0.014500534191734282,432.6580476760864,14
Logarithm_of_total_assets/GDP,0.014449454931045609,0.00020823603139180795,0.015020414769380963,0.014447411120363525,407.1604804992676,23
EBIT/total_operating_revenue,0.014435348538465346,-0.004238352553720526,0.04019639019255903,0.0143431341854099,452.3492183685303,15
Gross_profit/total_operating_revenue,0.014201973149012405,-0.0002862415862638029,0.02504927059873623,0.014163144109016436,248.9975004196167,13
Log_current_assets,0.0138139209942253,0.0001427680293675805,0.011815799727789086,0.013821073479066009,398.4408941268921,23
Net_profit/abs_equity_Sector,0.013447017488741393,-0.0025408823431389235,0.01461084473438323,0.01344285144693427,358.442099571228,22
Current_assets-inventories-receivables/short_term_liabilities,0.013348921670194209,-0.00169819676492937,0.02409011203626563,0.013310472451643515,519.4203662872314,28
EBITDA/total_operating_revenue,0.012689715192090056,-0.0004977721674289299,0.013128630119629808,0.012688144050028521,313.1050524711609,18
EBITDA_margin_Sector,0.01231640540230449,0.00236887933205482,0.05835003059860467,0.012151623208196426,1629.9259853363037,47
Working_capital/total_operating_revenue,0.012192165407516336,-0.0005499724192174858,0.05007479422010131,0.012056560560674527,1092.8192281723022,10
Current_assets_growth,0.011981418876865825,-0.001222710145428542,0.016741648682122058,0.011964379134537814,517.966230392456,35
Receivables_growth,0.011867145246345863,-0.001250409760921687,0.012196526598275487,0.011865966191217365,472.68779373168945,31
naics_3digit,0.011757733418409287,0.0005591675060838721,0.018033116805424368,0.011735270024771127,462.3554468154907,31
legal_form,0.011119112201344082,-0.0010128563944113648,0.015269783289782887,0.01110425443843583,350.4169034957886,22
ST_receivables_investments/current_liabilities_Sector,0.011099496567972612,-0.0005059471621639437,0.009024196024814777,0.011106925324136761,666.6719789505005,39
Net_profit/current_assets,0.01092231149447084,0.00024258628352812915,0.02194667771657873,0.010882848618214985,222.8916311264038,13
Inventory/current_liabilities,0.01056097420437057,-0.00034952163689722424,0.009673237191237149,0.010564151952205754,189.2567596435547,14
Net_profit/sales_Sector,0.010387901645020054,-0.0010483851673512546,0.008848354116782533,0.01039341261702271,274.5254497528076,18
Operating_revenue_growth,0.010265090248636793,0.0012074696062537083,0.018195748394484776,0.010236701625224562,549.3066291809082,35
Operational_expenses/short_term_liabilities,0.00997355974809546,-0.001860903322893058,0.011506460590608126,0.009968072568602172,214.01469898223877,12
Fixed_assets/long_term_liabilities,0.009873964845221734,-5.259735010872444e-05,0.015928626794514948,0.009852291547141614,484.00439167022705,29
Working_capital/assets_Sector,0.009773790319021949,0.0014770351326740259,0.01554686086281711,0.009753125006939976,697.2350120544434,35
EBIT/total_liabilities,0.009754436833373336,0.0007631830849764266,0.029270296724594178,0.009684577764071927,207.89645767211914,13
Constant_capital/fixed_assets,0.008784911163542356,-0.003101086070720119,0.018842683506723332,0.008748908311551454,512.741602897644,17
EBIT/total_costs,0.008685278881604853,-0.0036068957281288247,0.010069593117388252,0.00868032358346928,157.0031099319458,11
Cash_conversion_cycle_Sector,0.008393812167240024,0.0028193499779647388,0.01673908023789199,0.008363939404075314,574.2471704483032,33
Logarithm_of_total_operating_revenue,0.008253761013514783,0.0011791308834633496,0.006965207331763982,0.008258373526694,433.2230033874512,25
Total_operating_revenue/fixed_assets,0.008085327435522793,0.000969704341002046,0.012341233071522186,0.008070092974503736,566.5347480773926,34
Equity/sales,0.007926438461911262,0.002152874705817616,0.017317094574090076,0.00789282362250464,628.3718771934509,35
Retained_profit/short_term_liabilities,0.007808741033700092,0.0018284383053209763,0.0077745520261901365,0.007808863416841728,413.5661039352417,24
Log_net_profit/gdp,0.007444536254468938,0.00014380133627112495,0.008164383365532607,0.007441959486163648,300.5671634674072,22
Cash_flow/total_debt,0.007357405268920551,0.005763773454950761,0.02532207255061767,0.007293098856412811,453.2268981933594,17
Equity/total_assets,0.007349195213264562,0.005088638157915453,0.017022171430108608,0.007314569779404658,260.2140989303589,12
Inventories+receivables/equity,0.007120566906001757,-0.0006206863458331548,0.008385209327812403,0.007116039985687783,440.3665699958801,24
EBIT/financial_costs,0.007033870617958582,0.0007591294145213334,0.019249213122283785,0.006990144517069048,758.1678705215454,43
Inventories*365/revenue_Sector,0.006789007916959106,0.0012888736674060634,0.00789840441457012,0.006785036715728826,455.00622940063477,28
incorporation_date_2,0.006734823834875655,0.005226139211418876,0.004019819203284721,0.006744542478981989,426.48520278930664,15
Current_assets/sales,0.006602589036468537,-0.001571385341193656,0.014709965293772496,0.006573567832024152,332.80953073501587,17
Operational_expenses/total_liabilities,0.006497596507312923,0.004106165346784418,0.005775151361785169,0.006500182575555332,211.58727073669434,17
Operating_cycle,0.006151159196963195,-0.0004961804203966784,0.013787341052518014,0.006123824682346976,286.306191444397,18
Interest_expense/revenue,0.005942699735071679,-0.00017463580736352,0.018727268007289303,0.005896936030787342,943.9092726707458,41
Revenue/fixed_assets_Sector,0.005864138960833045,0.0018710038913001615,0.00600043873232268,0.0058636510614919,221.10580253601074,18
Short_term_liabilities_growth,0.005789223068212185,0.0001432002564745181,0.006846486336959001,0.005785438483347725,429.68924140930176,27
Net_profit/fixed_assets,0.005590844831395947,-0.002020566117728835,0.014484546479918075,0.0055590088926633805,464.6134738922119,22
Working_capital/equity,0.005587047814681888,-0.00035962747222481145,0.01261266657092347,0.0055618988747779706,382.24522972106934,14
Working_capital/sales,0.0055749272477986,0.002823049763729236,0.0066377293131356496,0.005571122836230244,279.6424117088318,14
Cash_conversion_cycle,0.005286736872938405,-0.0013805391557073683,0.006877413712948086,0.005281042878196573,522.8772039413452,34
Log_total_liabilities,0.005149181393743611,-0.0005991375473225534,0.009247099539353352,0.005134512465532358,443.9861259460449,25
Total_liabilities-cash/total_operating_revenue,0.005071984799127948,0.00039600251053055995,0.010870740628122683,0.005051227543871102,279.6637992858887,17
Net_profit/current_assets_Sector,0.005010335547817279,-0.0017293641584811418,0.007661532248442955,0.00500084531089854,330.62446117401123,21
Net_profit/assets_Sector,0.004838312010905401,-0.0006534467417113374,0.007919586166996083,0.004827282266584276,285.2903699874878,17
Gross_profit/total_assets,0.004826322680891174,0.002738440045300621,0.002871066854997246,0.004833321724387283,122.49269962310791,8
Receivables_turnover_days,0.004662160717479321,0.0004938891709516925,0.0037569365427238,0.004665401062445404,211.47437000274658,14
Cash/total_operating_revenue,0.004579096813891393,0.0004764748164498059,0.006596200143019817,0.004571876380764528,337.72379970550537,21
Short_term_liabilities_turnover_days,0.004378772647690289,0.0011503354834776222,0.005288141040750214,0.0043755174680596785,144.03283882141113,9
Total_operating_revenue/total_assets,0.004244405200982611,-0.00025642449504895885,0.005528051992944466,0.004239810252530523,140.79193830490112,10
Current_liabilities*365/revenue_Sector,0.004145403003971891,0.0009972079401333713,0.005877345043576692,0.004139203335617804,339.52161693573,24
secondary_naics_encoded,0.0040182923874241645,0.0005635678639586264,0.0037766084131660516,0.004019157520582557,107.45855903625488,3
ST_financial_assets/current_liabilities_Sector,0.0038178625975591523,-0.0015126938593876746,0.0011551163709795922,0.0038273941772185485,34.81161975860596,3
Short_term_liabilities/total_assets,0.0036580567556988267,0.00039751056402721334,0.004364775862215133,0.0036555269804640243,155.1378002166748,9
Quick_assets/sales,0.003626770374703234,-0.00044161929825937073,0.009614414235937398,0.0036053369749050484,359.4688911437988,22
Current_assets/current_liabilities_Sector,0.0035503650055554183,-0.00021908233500334372,0.008848419320874715,0.003531400063931556,446.70747089385986,26
Total_operating_revenue/receivables,0.003476408763342927,-0.000302947006257736,0.027287144627851923,0.0033911757346090417,522.977216720581,12
Retained_profit/total_assets,0.0034679984503186417,0.0002722429230016471,0.012321137261608515,0.0034363077105203574,327.51470375061035,19
Total_operating_revenue/inventories,0.003205577108718497,0.0003082235626645954,0.004507287906433881,0.0032009174982614197,232.87087059020996,17
Revenue/current_assets,0.003030266892827029,-0.00037306526477555446,0.009127048291228665,0.003008442823757052,161.70039796829224,12
Net_profit/fixed_assets_Sector,0.0030251421898450197,-0.0003894266739922489,0.006642151375174946,0.0030121947257440197,458.63993644714355,23
Cash_flow/sales,0.0028969217552389202,0.00255902748149493,0.004919026495634378,0.0028896834190353863,94.94580078125,6
Fixed_assets/total_assets,0.0028918581111868594,-0.00065935059594498,0.004654594827246581,0.0028855482100554894,313.78025913238525,17
state,0.002869970899731073,-1.8615943510400726e-05,0.003611795508318148,0.002867315460666153,218.98760223388672,12
incorporation_date_1,0.0027293964879718355,0.001167379645089029,0.0028587259849486278,0.0027289335394600775,120.84626007080078,8
Operating_cycle_Sector,0.0026536129022650466,0.0004026251836067379,0.006268062356326154,0.0026406746009908443,480.31768894195557,26
Net_profit/total_operating_revenue,0.0023817243232060704,0.00025983839009351947,0.005243175858066523,0.0023714814570351753,207.95001792907715,8
Inventories/total_operating_revenue,0.002303769287841977,-0.00019420139815403952,0.002903726663747334,0.002301621677429998,161.5835199356079,11
Total_operating_revenue/short_term_liabilities,0.002187976882309322,0.0001944304648980707,0.013675388372866328,0.00214685648690347,196.89709758758545,10
Receivables*365/revenue_Sector,0.0020202067574504766,1.2739636828154009e-05,0.0049427066112246185,0.0020097453624129953,333.6479616165161,21
Long_term_liabilities/equity,0.0020159636994840093,0.0002925160722617187,0.0019944872597655347,0.0020160405766546275,176.87881183624268,12
Current_assets/total_operating_revenue,0.0019138525730259268,0.00015631471150646695,0.0038098456193643754,0.0019070656668707696,151.7531304359436,11
sector_1,0.001742413409005487,0.00019043586038909867,0.0028797567029854093,0.0017383421692837246,138.893328666687,8
Long_term_liabilities/current_assets,0.0012410260892477822,0.0003694042101652556,0.0026223421430177406,0.0012360815234195154,223.31743717193604,11
naics_2digit,0.0012318826750958077,1.0486045296857546e-05,0.00622509334860108,0.0012140089532909984,57.20510005950928,2
Inventories/working_capital,0.0011486567145463577,-0.0002603334951451868,0.004666538023461044,0.0011360640890856646,297.523232460022,16
Revenue/long_term_liabilities,0.0009680533180864611,-6.0693282908383525e-05,0.002117167274152367,0.0009639399440440509,255.6015911102295,15
Current_liabilities/total_liabilities,0.0008390646726471625,-3.651901469584619e-05,0.0015527681432227116,0.0008365098961479783,53.909379959106445,4
Net_profit/total_assets,0.0003793507205037042,-2.6312854340336647e-05,0.0008159752903170492,0.00037778777701818225,41.8410005569458,3
has_multiple_industries,0.000364715625076811,1.0272584072919943e-05,0.0011109064261211631,0.00036204455676759856,21.747900009155273,1
Loss_flag,0.0003580114937784586,4.801891838460012e-05,0.0023990202017521566,0.00035070548883837753,30.941499710083008,2
Insolvency_flag,0.0,0.0,0.0,0.0,0.0,0
