year,rows,positive_rows,negative_rows,positive_percentage
2006,25797,21,25776,0.08140481451331551
2007,37993,52,37941,0.13686731766378016
2008,49796,99,49697,0.19881114948991888
2009,54952,162,54790,0.2948027369340515
2010,56616,146,56470,0.2578776317648721
2011,61118,176,60942,0.2879675382047842
2012,64909,180,64729,0.27731131276094223
2013,66000,220,65780,0.3333333333333333
2014,68754,257,68497,0.37379643366204146
2015,69323,220,69103,0.31735499040722415
2016,50177,163,50014,0.3248500308906471
2017,100719,424,100295,0.4209732026727827
2018,92139,565,91574,0.6132039635767699
2019,103453,369,103084,0.3566837114438441
2020,94754,0,94754,0.0
