filename,size_bytes,sha256
ablate_timing_lightgbm.py,13532,eac2cfe4f14731cf1d069d1d4da917cb69df7c7fc77e57938f80eebd55427df6
analyze_target.py,1264,1e675804e1bcab1748eb9436ab4649b7a83cfbe132a91b8f08869b66961daf24
audit_feature_timing.py,8255,48c9692ffc7349ac194bfca202848e7c55ef07a65846309297ba3289fd7ac810
build_report_package.py,24995,fa7f3b908553ea989b884ba493d96329d679af4339b20b121b6eb1a7474a0fd8
create_folds.py,3318,e830bb3906465f52be9c85f21a48ca9d00d56a0201e4f59906b07f602d59164c
cross_validate_catboost.py,15344,104bedabea88c0f8ae51945f3dc6e97f2344a57d6af888e6f41e8d73dc15223c
cross_validate_lightgbm.py,12549,3dc417c16dfe8c79b9eaa04d73672b8bca53c9968dbf171f01213bbe5bf2b930
cross_validate_logistic.py,11527,1b5306a02e85c83cf8630af3641ec1523cfc0bb895425bbe14f78542dba938fe
cross_validate_xgboost.py,15737,556388a8a0b994a704939bd4860d53b380efbd237e9dccc5ea31832b5514f615
download_data.py,339,c83b0509fb06fe22070be0432f7e9c6743b6f78a85a3970c59b158520542ddcc
final_analysis_lightgbm.py,38024,f45d85010e44be56d28b9674ccad7e35b19622237961ce7983cbaf4db498be38
final_leakage_audit.py,16087,9c1d1f246c286bef1fe95f38b5e00d77846627d70a4e95f934120296503f842f
inspect_data.py,675,e601c66072eef5c24c3209fa9f20bc4d303b54ca3dca399a227ead4575389cfc
prepare_features.py,3479,843bfaa1522bc81e41cab1166f5d34c0c5452cb97db43b918037ec756f740005
reevaluate_logistic_scores.py,5329,de865b5a24823ec2e128798541bd1ef22d865ba4e3800d57d338712a144c5098
temporal_validate_lightgbm.py,11988,07ebe29e0b5c52f05616e30c6a44050c33dc60a39a4113f6bca4a01376857e7f
train_lightgbm.py,8036,d0e1fd436c2a15164c0864ab097ff47cee54e6a3e2ab0f5618a1d5df4daea67a
train_logistic_baseline.py,7397,f7fb157f93e44753cca0b9cc6bf3380884f10ae6420cf5f4a06ed6881114b695
tune_lightgbm_weights.py,9959,e6d4ed8b2ce7b974f19d33726340cbb2e09ea5bbd06f705fd0e29f435b9d26f7
